{
  "optimal_k": 1,
  "gaps": [
    2.184340701754989,
    2.173519346457276,
    2.177787795526841,
    2.183383087177715,
    2.196229583423042,
    2.2111517579380795,
    2.2329441295153067,
    2.2295940894173576,
    2.260676989323697,
    2.2814808276890535
  ],
  "s_k": [
    0.005264781788432575,
    0.0051740325207952215,
    0.004644816900245665,
    0.0037165681028209882,
    0.004850738817383612,
    0.004455612046087053,
    0.003888854363855111,
    0.003985094304902818,
    0.0042244437649488625,
    0.004109706803809298
  ]
}